,发文时间,文章标题,采集时间,阅读数,点赞数,评论数,赞赏数
0,2018/4/26 18:10,分享图片,2018/4/26 23:31,11,1,0,0
1,2018/4/25 17:00,不好意思，让您久候了,2018/4/26 23:31,69,4,0,0
2,2018/4/23 18:58,分享图片,2018/4/26 23:31,15,0,0,0
3,2018/4/21 17:00,以前烦恼青春痘，现在烦恼小细纹,2018/4/26 23:31,30,3,0,0
4,2018/4/19 17:07,分享图片,2018/4/26 23:31,17,3,0,0
5,2018/4/18 19:21,在东欧小巴黎帮你看风景,2018/4/26 23:31,21,2,0,0
6,2018/4/17 17:26,分享图片,2018/4/26 23:31,16,1,0,0
7,2018/4/16 17:51,这是你要的天蝎座吗？,2018/4/26 23:31,122,1,0,0
8,2018/4/15 10:11,分享图片,2018/4/26 23:31,16,2,0,0
9,2018/4/14 17:42,不懂防晒是对自己不负责,2018/4/26 23:31,93,7,0,0
10,2018/4/13 17:18,谁说美少女不喜欢历史剧,2018/4/26 23:31,29,2,0,0
11,2018/4/12 17:54,对不起，我只喜欢易烊千玺,2018/4/26 23:31,64,11,0,0
12,2018/4/11 18:18,听说你养了一只猫,2018/4/26 23:32,56,2,0,0
13,2018/4/10 17:03,提升审美能力从色彩开始,2018/4/26 23:32,35,3,0,0
14,2018/4/9 17:00,四个小时我发现了一个新米兰,2018/4/26 23:32,29,3,0,0
15,2018/4/8 12:00,吃在佩斯，玩在布达。Budapest 美食之旅&攻略,2018/4/26 23:32,58,1,0,0
16,2018/4/5 0:00,我对生活一往情深,2018/4/26 23:32,23,4,0,0
17,2018/4/3 17:00,人生第一次败给了属相,2018/4/26 23:32,81,5,0,0
18,2018/3/30 19:24,愚人节告白是你做过最怂的事儿,2018/4/26 23:32,57,6,0,0
19,2018/3/29 17:00,穿出来的春天气息,2018/4/26 23:32,178,19,0,0
20,2018/3/28 19:43,三分钟带你看完热门樱花,2018/4/26 23:32,56,4,0,0
21,2018/3/27 21:32,上海再见，你好合肥,2018/4/26 23:32,59,8,0,0
22,2018/3/24 19:29,关于星座你了解多少,2018/4/26 23:32,40,3,0,0
23,2018/3/23 17:01,和80岁的自己进行一次对话,2018/4/26 23:32,491,28,0,0
24,2018/3/22 20:29,被催婚的我找到了真爱,2018/4/26 23:33,73,8,0,0
25,2018/3/21 18:01,关于春分的文字,2018/4/26 23:33,14,3,0,0
26,2018/3/20 18:42,读洛夫先生的诗歌,2018/4/26 23:33,22,1,0,0
27,2018/3/19 17:10,属于漫画的自由表达,2018/4/26 23:33,30,2,0,0
28,2018/3/16 20:00,从长发变短发到底是一种什么感觉？,2018/4/26 23:33,1660,16,0,0
29,2018/3/15 20:29,漂亮小姐姐想教大家学英语,2018/4/26 23:33,35,7,0,0
30,2018/3/14 17:29,和Ta一起每天问候你,2018/4/26 23:33,178,13,0,0
31,2018/3/13 18:04,有一种热爱叫我想扮演你,2018/4/26 23:33,253,20,0,0
32,2018/3/12 18:22,不做春天里的敏感少女,2018/4/26 23:33,117,10,0,0
33,2018/3/10 17:02,伴娘究竟能当几次？,2018/4/26 23:33,81,6,0,0
34,2018/3/9 18:33,如何做一个人见人爱的非甲方,2018/4/26 23:33,36,1,0,0
35,2018/3/8 21:46,我在看美好生活,2018/4/26 23:34,45,5,0,0
36,2018/3/6 17:39,一个文艺男青年的故事,2018/4/26 23:34,550,31,0,0
37,2018/3/5 17:59,请不要小瞧我的偶像,2018/4/26 23:34,34,3,0,0
38,2018/3/3 17:45,给你一台时光机，现在你会在哪里？,2018/4/26 23:34,23,4,0,0
39,2018/3/2 17:39,我在茫茫人海看灯而你却在看口红,2018/4/26 23:34,43,3,0,0
40,2018/3/1 18:47,妈妈，我们一起去牵爸爸的手好吗？,2018/4/26 23:34,209,9,0,0
41,2018/2/28 19:32,遇到良心代购比遇到真爱还难,2018/4/26 23:34,403,13,0,0
42,2018/2/27 20:22,这才是女孩子该有的样子,2018/4/26 23:34,984,68,0,0
43,2018/2/26 18:55,教你如何拍出满意的美照,2018/4/26 23:34,183,9,0,0
44,2018/2/25 17:18,男朋友嘛，带哪一个回家呢？,2018/4/26 23:34,207,11,0,0
45,2018/2/24 17:27,一首希望你们能听到的歌,2018/4/26 23:34,22,1,0,0
46,2018/2/23 19:04,聊聊文艺这件事儿,2018/4/26 23:34,27,5,0,0
